review_id,point_id,stratum,stratum_size,label,model,p_paddy
S001,P109,unsure_other,129,Other kharif crop,Other kharif crop,0.33
S002,P001,control_low,81,Other kharif crop,Other kharif crop,0.03
S003,P241,unsure_other,129,Other kharif crop,Paddy,0.6
S004,P258,review_to_paddy,24,Review,Paddy,0.68
S005,P201,unsure_other,129,Other kharif crop,Other kharif crop,0.26
S006,P188,unsure_other,129,Other kharif crop,Other kharif crop,0.29
S007,P129,unsure_other,129,Other kharif crop,Other kharif crop,0.25
S008,P283,unsure_other,129,Other kharif crop,Paddy,0.52
S009,P021,review_to_paddy,24,Review,Paddy,0.65
S010,P103,unsure_other,129,Other kharif crop,Other kharif crop,0.4
S011,P328,unsure_other,129,Other kharif crop,Paddy,0.49
S012,P118,unsure_other,129,Other kharif crop,Other kharif crop,0.25
S013,P108,control_low,81,Other kharif crop,Other kharif crop,0.03
S014,P298,unsure_other,129,Other kharif crop,Other kharif crop,0.46
S015,P149,unsure_other,129,Other kharif crop,Other kharif crop,0.45
S016,P121,review_to_paddy,24,Review,Paddy,0.62
S017,P070,control_low,81,Other kharif crop,Other kharif crop,0.03
S018,P213,review_to_paddy,24,Review,Paddy,0.79
S019,P112,control_low,81,Other kharif crop,Other kharif crop,0.01
S020,P161,review_to_paddy,24,Review,Paddy,0.66
S021,P130,unsure_other,129,Other kharif crop,Other kharif crop,0.35
S022,P285,unsure_other,129,Other kharif crop,Other kharif crop,0.27
S023,P170,unsure_other,129,Other kharif crop,Other kharif crop,0.25
S024,P065,control_low,81,Other kharif crop,Other kharif crop,0.02
S025,P288,unsure_other,129,Other kharif crop,Other kharif crop,0.38
