point_id,lon,lat,orbit,label,review_label,truth,is_gold
P001,79.06014425042441,17.690298311344705,165,Other kharif crop,Other kharif crop,Other kharif crop,True
P002,79.10649731908498,17.670355712037253,165,Other kharif crop,,Other kharif crop,False
P003,79.14072313140993,17.579805531398005,165,Paddy,Paddy,Paddy,True
P004,79.08170381724328,17.670355712037253,165,Review,Perennial,Perennial,True
P005,79.07146302300431,17.566869791306683,165,Other kharif crop,,Other kharif crop,False
P006,79.12293648878436,17.59920914153499,165,Review,Other kharif crop,Other kharif crop,True
P007,79.3307168140012,16.79449831002072,165,Paddy,,Paddy,False
P008,79.23127331204918,16.861871956329683,165,Perennial,,Perennial,False
P009,79.29244858289772,16.85890751589209,165,Paddy,Paddy,Paddy,True
P010,79.315625117228,16.77239975403138,165,Review,,Review,False
P011,79.27493143485738,16.807164555526803,165,Review,,Review,False
P012,79.26927204856743,16.723890728688925,165,Other kharif crop,,Other kharif crop,False
P013,79.18761518924097,17.45152610882574,165,Perennial,,Perennial,False
P014,79.07388847427144,17.529140549373665,165,Review,Other kharif crop,Other kharif crop,True
P015,79.18734569465573,17.500574123338662,165,Other kharif crop,,Other kharif crop,False
P016,79.14126212058041,17.535069430248853,165,Review,,Review,False
P017,79.07119352841907,17.470390729792246,165,Review,,Review,False
P018,79.14934695813747,17.525367625180362,165,Review,Other kharif crop,Other kharif crop,True
P019,79.6756698831031,17.228654086835686,92,Other kharif crop,,Other kharif crop,False
P020,79.69561248241055,17.300070151923187,92,Review,Other kharif crop,Other kharif crop,True
P021,79.72795183263887,17.29333278729229,92,Review,Paddy,Paddy,True
P022,79.72822132722409,17.19523675826644,92,Paddy,,Paddy,False
P023,79.63255074946537,17.234043978540402,92,Paddy,,Paddy,False
P024,79.64386952204528,17.221647227619552,92,Perennial,,Perennial,False
P025,78.98333829363219,17.470660224377482,165,Other kharif crop,,Other kharif crop,False
P026,78.98872818533691,17.49949614499772,165,Review,,Review,False
P027,78.90976627186281,17.39924415928998,165,Other kharif crop,,Other kharif crop,False
P028,78.86152674110558,17.566330802136214,165,Other kharif crop,,Other kharif crop,False
P029,78.97713991817176,17.504347047531965,165,Review,,Review,False
P030,78.89413558591912,17.499765639582957,165,Other kharif crop,,Other kharif crop,False
P031,78.88012186748685,17.4579939788714,165,Perennial,,Perennial,False
P032,78.74241013443134,17.501652101679607,165,Review,,Review,False
P033,78.82271952083161,17.46311437599088,165,Other kharif crop,,Other kharif crop,False
P034,78.80196843776845,17.507850477140032,165,Review,,Review,False
P035,78.89305760757817,17.465270332672766,165,Other kharif crop,,Other kharif crop,False
P036,78.86529966529888,17.438590368734417,165,Other kharif crop,Other kharif crop,Other kharif crop,True
P037,78.72866591058431,17.556359502482486,165,Perennial,,Perennial,False
P038,78.71303522464062,17.60567701158065,165,Perennial,,Perennial,False
P039,78.72704894307289,17.618073762501496,165,Other kharif crop,,Other kharif crop,False
P040,78.7135742138111,17.59651419568263,165,Perennial,,Perennial,False
P041,78.82810941253634,17.57279867218187,165,Perennial,,Perennial,False
P042,78.8316128421444,17.53129650605555,165,Other kharif crop,,Other kharif crop,False
P043,78.8714980407593,16.62336924839595,165,Other kharif crop,,Other kharif crop,False
P044,78.85990977359417,16.59022141441194,165,Other kharif crop,,Other kharif crop,False
P045,78.97687042358653,16.49940173918746,165,Other kharif crop,,Other kharif crop,False
P046,79.1089227703521,16.522847768102977,165,Paddy,,Paddy,False
P047,79.00543684962153,16.62283025922548,165,Other kharif crop,,Other kharif crop,False
P048,78.88066085665733,16.589143436070998,165,Review,Other kharif crop,Other kharif crop,True
P049,79.0555628424754,17.01359740781747,165,Other kharif crop,,Other kharif crop,False
P050,78.97902638026842,16.99688874353285,165,Review,,Review,False
P051,79.08278179558422,16.99365480851002,165,Review,,Review,False
P052,78.92997836575549,17.079084592029783,165,Other kharif crop,,Other kharif crop,False
P053,78.98145183153554,16.96562737164549,165,Review,,Review,False
P054,79.01594713844572,16.951613653213226,165,Other kharif crop,,Other kharif crop,False
P055,79.8740178978367,16.960237479940773,92,Paddy,Paddy,Paddy,True
P056,79.83386320463656,16.958081523258883,92,Paddy,,Paddy,False
P057,79.91363360186637,17.005782064845633,92,Paddy,,Paddy,False
P058,79.91956248274155,17.006590548601338,92,Paddy,Paddy,Paddy,True
P059,79.92171843942344,16.939755891462845,92,Paddy,,Paddy,False
P060,79.88857060543943,16.919543797570157,92,Paddy,,Paddy,False
P061,78.79199713811474,16.738982425462133,165,Other kharif crop,,Other kharif crop,False
P062,78.81436518868931,16.900948671188882,165,Other kharif crop,,Other kharif crop,False
P063,78.82999587463298,16.850822678335014,165,Other kharif crop,,Other kharif crop,False
P064,78.77986988177912,16.90957249791643,165,Other kharif crop,,Other kharif crop,False
P065,78.86745562198077,16.798540728799257,165,Other kharif crop,Not cropland,Not cropland,True
P066,78.86179623569082,16.79719325587308,165,Other kharif crop,,Other kharif crop,False
P067,79.00435887128059,17.22703711932427,165,Other kharif crop,,Other kharif crop,False
P068,79.12455345629577,17.258028996626393,165,Paddy,,Paddy,False
P069,79.10083793279502,17.17125174018045,165,Other kharif crop,,Other kharif crop,False
P070,79.11727710249441,17.173407696862334,165,Other kharif crop,Other kharif crop,Other kharif crop,True
P071,79.06418666920294,17.247518707802193,165,Review,,Review,False
P072,79.06688161505531,17.259106974967338,165,Perennial,Perennial,Perennial,True
P073,79.71609407088849,17.157777010918654,92,Review,,Review,False
P074,79.64467800580098,17.20035715538592,92,Review,,Review,False
P075,79.66003919715942,17.10980697474667,92,Review,,Review,False
P076,79.64952890833523,17.169365278083795,92,Perennial,,Perennial,False
P077,79.6471034570681,17.137834411611202,92,Other kharif crop,Other kharif crop,Other kharif crop,True
P078,79.66704605637555,17.161819429697193,92,Perennial,,Perennial,False
P079,78.87985237290162,17.245632245705544,165,Other kharif crop,Not cropland,Not cropland,True
P080,78.95504136218243,17.225959140983328,165,Perennial,,Perennial,False
P081,78.90168143430573,17.289559863098987,165,Other kharif crop,,Other kharif crop,False
P082,78.93455977370449,17.300070151923187,165,Paddy,,Paddy,False
P083,78.99950796874634,17.292793798121817,165,Other kharif crop,,Other kharif crop,False
P084,78.75588486369313,17.300339646508423,165,Other kharif crop,,Other kharif crop,False
P085,79.48486771675611,16.709607515671426,92,Review,,Review,False
P086,79.5832332403672,16.788569429145532,92,Review,,Review,False
P087,79.63847963034056,16.72362123410369,92,Other kharif crop,,Other kharif crop,False
P088,79.61206916098745,16.769435313593785,92,Review,,Review,False
P089,79.6080267422089,16.786413472463643,92,Review,,Review,False
P090,79.64279154370433,16.80042719089591,92,Review,,Review,False
P091,78.77986988177912,16.704756613137178,165,Review,Other kharif crop,Other kharif crop,True
P092,78.7925361272852,16.72604668537081,165,Other kharif crop,,Other kharif crop,False
P093,78.95531085676765,16.760541992281002,165,Other kharif crop,,Other kharif crop,False
P094,78.87715742704926,16.64546780438529,165,Other kharif crop,,Other kharif crop,False
P095,78.95800580262002,16.775094699883738,165,Other kharif crop,Other kharif crop,Other kharif crop,True
P096,78.95692782427908,16.740329898388314,165,Review,,Review,False
P097,79.74169605648589,16.952152642383695,92,Perennial,Paddy,Paddy,True
P098,79.69588197699579,16.913614916694968,92,Other kharif crop,,Other kharif crop,False
P099,79.70908721167235,16.98179704675964,92,Perennial,Perennial,Perennial,True
P100,79.69588197699579,16.916579357132562,92,Paddy,,Paddy,False
P101,79.75058937779868,16.956734050332706,92,Review,,Review,False
P102,79.72822132722409,16.96616636081596,92,Paddy,Paddy,Paddy,True
P103,79.26172620018083,17.471199213547955,165,Other kharif crop,Paddy,Paddy,True
P104,79.26522962978889,17.526715098106543,165,Other kharif crop,,Other kharif crop,False
P105,79.22857836619681,17.573337661352344,165,Perennial,,Perennial,False
P106,79.20567132645176,17.55932394292008,165,Review,,Review,False
P107,79.26981103773791,17.55528152414154,165,Other kharif crop,Other kharif crop,Other kharif crop,True
P108,79.20647981020748,17.522672679328004,165,Other kharif crop,Other kharif crop,Other kharif crop,True
P109,78.73405580228902,16.694785313483454,165,Other kharif crop,Other kharif crop,Other kharif crop,True
P110,78.70306392498689,16.551683688723212,165,Review,Other kharif crop,Other kharif crop,True
P111,78.75857980954548,16.710954988597603,165,Other kharif crop,Other kharif crop,Other kharif crop,True
P112,78.81490417785977,16.62983711844161,165,Other kharif crop,Other kharif crop,Other kharif crop,True
P113,78.83619425009341,16.622560764640244,165,Other kharif crop,,Other kharif crop,False
P114,78.78067836553483,16.62983711844161,165,Other kharif crop,,Other kharif crop,False
P115,79.08305129016945,16.889899393194213,165,Other kharif crop,,Other kharif crop,False
P116,79.03103883521894,16.810398490549634,165,Other kharif crop,,Other kharif crop,False
P117,79.00381988211011,16.799888201725437,165,Review,,Review,False
P118,79.19327457553092,16.870765277642466,165,Other kharif crop,Paddy,Paddy,True
P119,79.11592962956823,16.859985494233033,165,Review,,Review,False
P120,79.08682421436276,16.865914375108222,165,Perennial,Perennial,Perennial,True
P121,79.79047457641357,16.841659862436995,92,Review,Paddy,Paddy,True
P122,79.90231482928645,16.86079397798874,92,Paddy,Paddy,Paddy,True
P123,79.85164984726212,16.902296144115063,92,Other kharif crop,Paddy,Paddy,True
P124,79.83251573171037,16.887204447341855,92,Paddy,,Paddy,False
P125,79.85865670647826,16.876694158517655,92,Review,,Review,False
P126,79.83251573171037,16.894750295728457,92,Paddy,,Paddy,False
P127,79.51370363737635,17.283630982223798,165,Paddy,,Paddy,False
P128,79.54658197677513,17.341841812634744,165,Other kharif crop,,Other kharif crop,False
P129,79.53391573126905,17.31866527830446,165,Other kharif crop,Paddy,Paddy,True
P130,79.53068179624621,17.36232340111267,165,Other kharif crop,Paddy,Paddy,True
P131,79.53472421502475,17.33052304005484,165,Review,,Review,False
P132,79.57137547861683,17.31489235411116,92,Other kharif crop,Paddy,Paddy,True
P133,79.12293648878436,16.970208779594497,165,Paddy,,Paddy,False
P134,79.11754659707965,16.965357877060253,165,Perennial,Perennial,Perennial,True
P135,79.2849027345111,16.91604036796209,165,Paddy,Paddy,Paddy,True
P136,79.19704749972422,16.91927430298492,165,Paddy,,Paddy,False
P137,79.31751157932464,16.92574217303058,165,Paddy,,Paddy,False
P138,79.28813666953394,16.923855710933932,165,Paddy,,Paddy,False
P139,79.3261354060522,17.259106974967338,165,Other kharif crop,,Other kharif crop,False
P140,79.3299083302455,17.209250476698703,165,Paddy,,Paddy,False
P141,79.26819407022649,17.16774831057238,165,Other kharif crop,,Other kharif crop,False
P142,79.34068811365493,17.20763350918729,165,Paddy,,Paddy,False
P143,79.33637620029116,17.181762029004645,165,Paddy,,Paddy,False
P144,79.37626139890607,17.227306613909505,165,Other kharif crop,,Other kharif crop,False
P145,79.487023673438,17.18391798568653,165,Other kharif crop,,Other kharif crop,False
P146,79.48001681422187,17.1340614874179,165,Other kharif crop,,Other kharif crop,False
P147,79.52933432332003,17.11573585562186,92,Paddy,,Paddy,False
P148,79.57676537032154,17.089325386268747,92,Perennial,,Perennial,False
P149,79.49564750016555,17.172599213106626,165,Other kharif crop,Paddy,Paddy,True
P150,79.48190327631852,17.138373400781674,165,Review,,Review,False
P151,79.94139154414566,16.97317322003209,92,Paddy,,Paddy,False
P152,80.02304840347212,17.03192303961351,92,Paddy,Paddy,Paddy,True
P153,79.90824371016164,16.91334542210973,92,Other kharif crop,,Other kharif crop,False
P154,79.96052565969741,16.942989826485675,92,Perennial,,Perennial,False
P155,79.92845580405434,16.979371595492516,92,Review,,Review,False
P156,79.98963107490287,16.96886130666832,92,Perennial,Paddy,Paddy,True
P157,78.74780002613605,17.650952101900273,165,Review,Can't tell,Can't tell,True
P158,78.87634894329355,17.669547228281544,165,Perennial,,Perennial,False
P159,78.86799461115125,17.6399028239056,165,Paddy,,Paddy,False
P160,78.78175634387577,17.647448672292207,165,Perennial,Perennial,Perennial,True
P161,78.8248754775135,17.63666888888277,165,Review,Paddy,Paddy,True
P162,78.8706895570036,17.719942715720652,165,Other kharif crop,,Other kharif crop,False
P163,78.91057475561851,16.967244339156903,165,Perennial,,Perennial,False
P164,78.78472078431336,16.968591812083083,165,Other kharif crop,Not cropland,Not cropland,True
P165,78.94695652462535,16.9882649168053,165,Review,Paddy,Paddy,True
P166,78.87257601910025,16.927089645956762,165,Other kharif crop,,Other kharif crop,False
P167,78.89278811299295,17.02464668581214,165,Paddy,,Paddy,False
P168,78.89359659674865,17.006051559430865,165,Review,,Review,False
P169,79.91336410728113,16.729550114978878,92,Review,,Review,False
P170,79.75840472077051,16.811745963475815,92,Other kharif crop,Paddy,Paddy,True
P171,79.87698233827429,16.755691089746758,92,Other kharif crop,Other kharif crop,Other kharif crop,True
P172,79.81553757284051,16.743833327996377,92,Other kharif crop,,Other kharif crop,False
P173,79.85326681477353,16.74652827384874,92,Review,,Review,False
P174,79.80556627318678,16.738173941706425,92,Review,,Review,False
P175,79.96861049725447,16.79773224504355,92,Other kharif crop,Other kharif crop,Other kharif crop,True
P176,79.86970598447292,16.822525746885248,92,Paddy,,Paddy,False
P177,79.87132295198434,16.8492057108236,92,Other kharif crop,,Other kharif crop,False
P178,79.95540526257793,16.86456690218204,92,Paddy,,Paddy,False
P179,79.91902349357109,16.869687299301525,92,Other kharif crop,,Other kharif crop,False
P180,79.94570345750944,16.815518887669118,92,Review,,Review,False
P181,79.65006789750569,16.81605787683959,92,Review,Paddy,Paddy,True
P182,79.55412782516173,16.84192935702223,92,Review,,Review,False
P183,79.50292385396692,16.870226288471997,92,Other kharif crop,,Other kharif crop,False
P184,79.60667926928272,16.819561306447653,92,Review,,Review,False
P185,79.60910472054985,16.95376960989511,92,Paddy,,Paddy,False
P186,79.6109911826465,16.929245602638648,92,Paddy,,Paddy,False
P187,79.73388071351405,17.193619790755022,92,Paddy,Paddy,Paddy,True
P188,79.86242963067156,17.22110823844908,92,Other kharif crop,Paddy,Paddy,True
P189,79.83682764507415,17.208980982113466,92,Other kharif crop,,Other kharif crop,False
P190,79.75867421535575,17.196045242022144,92,Other kharif crop,,Other kharif crop,False
P191,79.87455688700716,17.21679632508531,92,Paddy,,Paddy,False
P192,79.74115706731541,17.18149253441941,92,Other kharif crop,,Other kharif crop,False
P193,79.37060201261612,17.445866722535786,165,Other kharif crop,,Other kharif crop,False
P194,79.28544172368159,17.43427845537064,165,Other kharif crop,,Other kharif crop,False
P195,79.3622476804738,17.473624664815077,165,Review,,Review,False
P196,79.37033251803088,17.44020733624583,165,Review,,Review,False
P197,79.35308486457578,17.376337119544935,165,Paddy,,Paddy,False
P198,79.44390453980027,17.35262159604418,165,Paddy,Paddy,Paddy,True
P199,79.7958644681183,17.073155711154595,92,Other kharif crop,,Other kharif crop,False
P200,79.85569226604066,17.01224993489129,92,Paddy,,Paddy,False
P201,79.72444840303079,17.04431979053436,92,Other kharif crop,Paddy,Paddy,True
P202,79.80017638148207,17.033001017954454,92,Review,,Review,False
P203,79.86620255486486,17.023838202056435,92,Paddy,,Paddy,False
P204,79.80098486523778,17.08663044041639,92,Other kharif crop,,Other kharif crop,False
P205,79.12832638048909,17.02788062083497,165,Review,,Review,False
P206,79.04666952116261,17.131905530736013,165,Other kharif crop,,Other kharif crop,False
P207,78.99573504455304,17.12678513361653,165,Other kharif crop,,Other kharif crop,False
P208,78.977409412757,17.06776581944988,165,Review,,Review,False
P209,79.03184731897464,17.080162570370728,165,Other kharif crop,,Other kharif crop,False
P210,79.1337162721938,17.056986036040445,165,Review,,Review,False
P211,79.91093865601401,17.141607335804505,92,Paddy,,Paddy,False
P212,79.91255562352542,17.0807015595412,92,Paddy,,Paddy,False
P213,79.8379056234151,17.15993296760054,92,Review,Paddy,Paddy,True
P214,79.92764732029863,17.07423368949554,92,Review,Paddy,Paddy,True
P215,79.9492068871175,17.049709682239076,92,Other kharif crop,,Other kharif crop,False
P216,79.86216013608632,17.155351559651532,92,Paddy,Paddy,Paddy,True
P217,79.40536681411155,17.20224361748257,165,Review,,Review,False
P218,79.46438612827819,17.119508779815163,165,Review,Other kharif crop,Other kharif crop,True
P219,79.39485652528734,17.15400408672535,165,Paddy,,Paddy,False
P220,79.47300995500574,17.2017046283121,165,Review,,Review,False
P221,79.39674298738399,17.20439957416446,165,Review,,Review,False
P222,79.41075670581625,17.192811306999317,165,Perennial,,Perennial,False
P223,79.23666320375389,17.069652281546528,165,Other kharif crop,,Other kharif crop,False
P224,79.18680670548527,17.108998490990963,165,Other kharif crop,,Other kharif crop,False
P225,79.28651970202253,17.11708332854804,165,Review,Other kharif crop,Other kharif crop,True
P226,79.3088877525971,17.025724664153085,165,Other kharif crop,,Other kharif crop,False
P227,79.24932944925997,17.10980697474667,165,Paddy,,Paddy,False
P228,79.29918594752861,17.01224993489129,165,Paddy,,Paddy,False
P229,78.91084425020374,16.866453364278694,165,Other kharif crop,,Other kharif crop,False
P230,78.99869948499064,16.927898129712467,165,Review,,Review,False
P231,79.02564894351421,16.89933170367747,165,Review,,Review,False
P232,78.9660906401771,16.85109217292025,165,Other kharif crop,,Other kharif crop,False
P233,79.03211681355988,16.87965859895525,165,Other kharif crop,,Other kharif crop,False
P234,79.01621663303096,16.907416541234543,165,Other kharif crop,,Other kharif crop,False
P235,78.95477186759719,17.120317263570872,165,Other kharif crop,,Other kharif crop,False
P236,78.89898648845336,17.08851690251304,165,Review,,Review,False
P237,78.920276560687,17.10414758845672,165,Review,Other kharif crop,Other kharif crop,True
P238,78.9165036364937,17.138912389952143,165,Other kharif crop,,Other kharif crop,False
P239,78.91839009859035,17.15939397843007,165,Other kharif crop,,Other kharif crop,False
P240,78.86556915988412,17.07935408661502,165,Other kharif crop,,Other kharif crop,False
P241,79.21860706654309,17.233235494784694,165,Other kharif crop,Paddy,Paddy,True
P242,79.22103251781022,17.16451437554955,165,Review,,Review,False
P243,79.144226561018,17.146188743753513,165,Other kharif crop,,Other kharif crop,False
P244,79.253910857209,17.286056433490923,165,Paddy,,Paddy,False
P245,79.28112981031781,17.305999032798375,165,Other kharif crop,,Other kharif crop,False
P246,79.2803213265621,17.281475025541912,165,Review,,Review,False
P247,79.72444840303079,16.7424858550702,92,Review,,Review,False
P248,79.74196555107112,16.80042719089591,92,Paddy,,Paddy,False
P249,79.61611157976598,16.955925566576997,92,Paddy,Paddy,Paddy,True
P250,79.68887511777966,16.806625566356335,92,Review,,Review,False
P251,79.72660435971268,16.734940006683594,92,Paddy,,Paddy,False
P252,79.67890381812593,16.803391631333504,92,Other kharif crop,,Other kharif crop,False
P253,79.37491392597988,16.800157696310674,165,Review,,Review,False
P254,79.33260327609786,16.85702105379544,165,Paddy,,Paddy,False
P255,79.39243107402022,16.911728454598318,165,Perennial,Perennial,Perennial,True
P256,79.35739677793956,16.825759681908078,165,Paddy,,Paddy,False
P257,79.38758017148598,16.8882824256828,165,Other kharif crop,,Other kharif crop,False
P258,79.31104370927899,16.91496238962115,165,Review,Paddy,Paddy,True
P259,79.70881771708711,17.366365819891207,92,Other kharif crop,,Other kharif crop,False
P260,79.67432241017693,17.366365819891207,92,Other kharif crop,,Other kharif crop,False
P261,79.6328202440506,17.375528635789227,92,Perennial,,Perennial,False
P262,79.64306103828956,17.300070151923187,92,Perennial,Other kharif crop,Other kharif crop,True
P263,79.66974100222791,17.3264806212763,92,Review,,Review,False
P264,79.76244713954905,17.362592895697905,92,Review,,Review,False
P265,79.1585097740355,16.69182087304586,165,Review,Paddy,Paddy,True
P266,79.14988594730795,16.650857696090007,165,Paddy,,Paddy,False
P267,79.04478305906596,16.730628093319822,165,Other kharif crop,,Other kharif crop,False
P268,79.07011555007813,16.738173941706425,165,Review,,Review,False
P269,79.0773919038795,16.64304235311817,165,Other kharif crop,,Other kharif crop,False
P270,79.1622826982288,16.77644217280992,165,Other kharif crop,,Other kharif crop,False
P271,79.42477042424852,16.655708598624255,92,Other kharif crop,,Other kharif crop,False
P272,79.33934064072875,16.623099753810717,165,Review,,Review,False
P273,79.19084912426379,16.73925192004737,165,Paddy,,Paddy,False
P274,79.23127331204918,16.80878152303822,165,Other kharif crop,,Other kharif crop,False
P275,79.33907114614352,16.63522701014633,165,Other kharif crop,,Other kharif crop,False
P276,79.23612421458343,16.729011125808405,165,Perennial,,Perennial,False
P277,79.68348522607495,16.989342895146244,92,Paddy,,Paddy,False
P278,79.79613396270354,17.030845061272565,92,Review,,Review,False
P279,79.77807782549273,17.04755372555719,92,Review,,Review,False
P280,79.64009659785197,17.044858779704832,92,Other kharif crop,,Other kharif crop,False
P281,79.74115706731541,17.06695733569417,92,Paddy,,Paddy,False
P282,79.70073287953004,16.991229357242894,92,Review,,Review,False
P283,78.73405580228902,17.329984050884367,165,Other kharif crop,Paddy,Paddy,True
P284,78.81193973742218,17.363131884868377,165,Paddy,,Paddy,False
P285,78.867725116566,17.396279718852387,165,Other kharif crop,Paddy,Paddy,True
P286,78.83673323926388,17.397088202608096,165,Paddy,Paddy,Paddy,True
P287,78.80412439445034,17.33564343717432,165,Other kharif crop,,Other kharif crop,False
P288,78.8458960551619,17.41029343728465,165,Other kharif crop,Paddy,Paddy,True
P289,78.93671573038638,17.681674484617158,165,Paddy,,Paddy,False
P290,78.972828004808,17.789472318711503,165,Other kharif crop,,Other kharif crop,False
P291,79.00947926840007,17.715630802356877,165,Other kharif crop,,Other kharif crop,False
P292,78.91407818522657,17.692454268026594,165,Paddy,Paddy,Paddy,True
P293,78.91030526103327,17.69730517056084,165,Other kharif crop,,Other kharif crop,False
P294,78.94614804086964,17.719134231964944,165,Perennial,,Perennial,False
P295,79.21079172357125,17.279588563445262,165,Paddy,,Paddy,False
P296,79.17144551412682,17.300878635678895,165,Review,Paddy,Paddy,True
P297,79.13829768014281,17.31408387035545,165,Paddy,,Paddy,False
P298,79.04343558613978,17.321090729571583,165,Other kharif crop,Paddy,Paddy,True
P299,79.08520724685134,17.271503725888184,165,Other kharif crop,Paddy,Paddy,True
P300,79.15716230110931,17.33618242634479,165,Review,Paddy,Paddy,True
P301,79.34473053243347,17.29656672231512,165,Other kharif crop,,Other kharif crop,False
P302,79.43339425097606,17.304651559872195,165,Other kharif crop,,Other kharif crop,False
P303,79.3803038176846,17.289020873928518,165,Paddy,Paddy,Paddy,True
P304,79.40374984660012,17.26476636125729,165,Other kharif crop,,Other kharif crop,False
P305,79.42207547839617,17.326750115861536,165,Other kharif crop,,Other kharif crop,False
P306,79.46249966618154,17.335104448003847,165,Paddy,,Paddy,False
P307,79.5689500273497,17.155890548822004,92,Other kharif crop,,Other kharif crop,False
P308,79.53688017170664,17.18203152358988,92,Review,,Review,False
P309,79.56544659774164,17.13594794951455,92,Perennial,Perennial,Perennial,True
P310,79.64386952204528,17.086091451245917,92,Review,,Review,False
P311,79.61206916098745,17.10980697474667,92,Perennial,,Perennial,False
P312,79.53526320419522,17.238894881074646,165,Paddy,,Paddy,False
P313,79.35955273462145,17.11169343684332,165,Paddy,Paddy,Paddy,True
P314,79.36009172379191,17.10414758845672,165,Paddy,,Paddy,False
P315,79.42207547839617,17.068574303205587,165,Paddy,Paddy,Paddy,True
P316,79.4975339622622,17.000931162311385,92,Other kharif crop,,Other kharif crop,False
P317,79.37383594763895,17.10091365343389,165,Paddy,Paddy,Paddy,True
P318,79.42935183219753,17.008746505283227,165,Review,Paddy,Paddy,True
P319,79.54685147136037,17.514857336356165,165,Review,Paddy,Paddy,True
P320,79.45872674198824,17.454490549263333,165,Other kharif crop,Not cropland,Not cropland,True
P321,79.42450092966328,17.481170513201683,165,Other kharif crop,,Other kharif crop,False
P322,79.46869804164197,17.435625928296822,165,Review,,Review,False
P323,79.46196067701106,17.430505531177342,165,Other kharif crop,Other kharif crop,Other kharif crop,True
P324,79.4290823376123,17.509467444651445,165,Perennial,,Perennial,False
P325,79.49645598392127,16.78210155909987,92,Other kharif crop,,Other kharif crop,False
P326,79.40213287908871,16.877502642273363,165,Other kharif crop,,Other kharif crop,False
P327,79.40374984660012,16.848666721653128,165,Other kharif crop,,Other kharif crop,False
P328,79.51046970235352,16.766740367741427,92,Other kharif crop,Paddy,Paddy,True
P329,79.47516591168763,16.888551920268032,92,Other kharif crop,,Other kharif crop,False
P330,79.4651946120339,16.878850115199544,165,Paddy,,Paddy,False
P331,79.56194316813357,17.446944700876728,165,Review,,Review,False
P332,79.5786518324182,17.495453726219182,165,Paddy,,Paddy,False
P333,79.60991320430556,17.49114181285541,92,Paddy,Paddy,Paddy,True
P334,79.51882403449584,17.415144339818898,165,Paddy,,Paddy,False
P335,79.61072168806126,17.371755711595924,92,Perennial,,Perennial,False
P336,79.62985580361301,17.3588199715046,92,Review,,Review,False
P337,78.977409412757,17.342650296390453,165,Review,,Review,False
P338,79.03966266194648,17.450448130484794,165,Other kharif crop,,Other kharif crop,False
P339,79.11134822161922,17.402208599727576,165,Review,,Review,False
P340,79.1067668136702,17.447214195461964,165,Other kharif crop,,Other kharif crop,False
P341,79.05394587496399,17.41029343728465,165,Paddy,Paddy,Paddy,True
P342,79.06526464754388,17.377684592471113,165,Other kharif crop,,Other kharif crop,False
P343,79.54307854716706,16.94218134272997,92,Review,,Review,False
P344,79.49133558680178,17.04620625263101,165,Other kharif crop,Other kharif crop,Other kharif crop,True
P345,79.4794778250514,16.96050697452601,165,Other kharif crop,,Other kharif crop,False
P346,79.54604298760465,16.987456433049594,92,Review,,Review,False
P347,79.544156525508,16.976137660469686,92,Perennial,,Perennial,False
P348,79.49564750016555,16.933827010587656,92,Paddy,,Paddy,False
P349,78.90356789640238,17.589507336466497,165,Review,,Review,False
P350,78.94668703004011,17.63289596468947,165,Perennial,,Perennial,False
P351,79.06769009881101,17.532913473566968,165,Other kharif crop,,Other kharif crop,False
P352,79.01810309512761,17.555551018726778,165,Other kharif crop,,Other kharif crop,False
P353,79.05798829374253,17.549083148681117,165,Review,,Review,False
P354,79.00328089293964,17.642058780587487,165,Paddy,,Paddy,False
